<?xml version="1.0" encoding="UTF-8"?>
<beans xmlns="http://www.springframework.org/schema/beans"
	xmlns:xsi="http://www.w3.org/2001/XMLSchema-instance" xmlns:webflow="http://www.springframework.org/schema/webflow-config"
	xsi:schemaLocation="
 http://www.springframework.org/schema/beans
 http://www.springframework.org/schema/beans/spring-beans-2.5.xsd
 http://www.springframework.org/schema/webflow-config
 http://www.springframework.org/schema/webflow-config/spring-webflow-config-2.0.xsd">
	<!-- The following 2 entries are common no matter what framework you use. 
		(spring mvc, struts etc...) -->
	<webflow:flow-registry id="flowRegistry"
		base-path="/WEB-INF">
		<webflow:flow-location path="/flows/flow1/flow1-def.xml" />
	</webflow:flow-registry>
	
	<!-- FlowExecutor is the central service for executing flows: -->
	<webflow:flow-executor id="flowExecutor"
		flow-registry="flowRegistry" />
		
	<!-- Enables FlowHandler URL mapping -->
	<bean name="/flows/*"
		class="org.springframework.webflow.mvc.servlet.FlowHandlerAdapter">
		<property name="flowExecutor" ref="flowExecutor" />
	</bean>
	
	<!-- Maps request paths to flows in the flowRegistry; e.g. a path of /hotels/booking 
		looks for a flow with id "hotels/booking" -->
	<bean class="org.springframework.webflow.mvc.servlet.FlowHandlerMapping">
		<property name="flowRegistry" ref="flowRegistry" />
		<property name="order" value="1" />
	</bean>
	<bean class="org.springframework.webflow.mvc.servlet.FlowHandlerMapping">
		<property name="flowRegistry" ref="flowRegistry" />
		<property name="order" value="1" />
	</bean>
</beans>