<beans xmlns="http://www.springframework.org/schema/beans"
	xmlns:mvc="http://www.springframework.org/schema/mvc" xmlns:context="http://www.springframework.org/schema/context"
	xmlns:xsi="http://www.w3.org/2001/XMLSchema-instance"
	xsi:schemaLocation="http://www.springframework.org/schema/mvc 
	http://www.springframework.org/schema/mvc/spring-mvc.xsd
        http://www.springframework.org/schema/beans     
        http://www.springframework.org/schema/beans/spring-beans-3.0.xsd
        http://www.springframework.org/schema/context 
        http://www.springframework.org/schema/context/spring-context-3.0.xsd">
	<!-- Enables the Spring MVC @Controller programming model -->
	<mvc:annotation-driven />

	<!-- Handles HTTP GET requests for /resources/** by efficiently serving 
		up static resources in the ${webappRoot}/resources directory -->
	<mvc:resources mapping="/resources/**" location="/resources/" />
	<!-- freemarker config -->
    <bean id="freemarkerConfig" class="org.springframework.web.servlet.view.freemarker.FreeMarkerConfigurer">
      <property name="templateLoaderPath" value="/WEB-INF/ftl/">
    </property></bean>
     
     <bean id="velocityConfig" class="org.springframework.web.servlet.view.velocity.VelocityConfigurer">
  <property name="resourceLoaderPath" value="/WEB-INF/vm/"/>
</bean>

<bean id="viewResolver1" class="org.springframework.web.servlet.view.velocity.VelocityViewResolver">
  <property name="cache" value="true"/>
  <property name="prefix" value=""/>
  <property name="suffix" value=".vm"/>
</bean>

     <bean id="viewResolver" class="org.springframework.web.servlet.view.freemarker.FreeMarkerViewResolver">
      <property name="cache" value="true"/>
      
      
        <property name="prefix" value=""/>
      <property name="suffix" value=".ftl">
      <!-- <property name="prefix">
			<value>/WEB-INF/views/</value>
		</property>
		<property name="suffix">
			<value>.jsp</value>
		</property>
    </property></property>-->
    </property></bean>
	
	
	
	
	<context:component-scan base-package="com.neu.ars.controller" />

	<bean
		class="org.springframework.web.servlet.view.InternalResourceViewResolver">
		<property name="prefix">
			<value>/WEB-INF/views/</value>
		</property>
		
		<property name="suffix">
			<value>.jsp</value>
		</property>
	</bean>
	<import resource="flow-config.xml" />
	
	
	
</beans>