<?xml version="1.0" encoding="UTF-8"?>
<beans xmlns="http://www.springframework.org/schema/beans"
	xmlns:xsi="http://www.w3.org/2001/XMLSchema-instance"
	xsi:schemaLocation="http://www.springframework.org/schema/beans http://www.springframework.org/schema/beans/spring-beans.xsd">

	<!-- Root Context: defines shared resources visible to all other web components -->
	
	
	
	<bean id="flightDetailsDao" class="com.neu.ars.DAO.FlightDetailsDao" ></bean>
			<bean id="personDetailsDao" class="com.neu.ars.DAO.PersonDetailsDao" ></bean>
            <bean id="flightScheduleDao" class="com.neu.ars.DAO.FlightScheduleDao" ></bean>
			<bean id="searchUserValidator" class="com.neu.ars.Validator.SearchUserValidator" ></bean>
						<bean id="usersDao" class="com.neu.ars.DAO.UsersDao" ></bean>
			
			
			<bean id="flightInventoryValidator" class="com.neu.ars.Validator.FlightInventoryValidator" ></bean>
			<bean id="routineValidator" class="com.neu.ars.Validator.RoutineValidator" ></bean>
		
			<bean id="ticketReservationValidator" class="com.neu.ars.Validator.TicketReservationValidator" ></bean>
					<bean id="paymentValidator" class="com.neu.ars.Validator.PaymentValidator" ></bean>
							<bean id="ticketReservationDao" class="com.neu.ars.DAO.TicketReservationDao" ></bean>
		
		
</beans>
