<?xml version="1.0" encoding="UTF-8"?>
<!DOCTYPE hibernate-configuration PUBLIC
		"-//Hibernate/Hibernate Configuration DTD 3.0//EN"
		"http://hibernate.sourceforge.net/hibernate-configuration-3.0.dtd">
<hibernate-configuration>
	<session-factory>
		<property name="hibernate.connection.driver_class">com.mysql.jdbc.Driver</property>
		<property name="hibernate.connection.password"></property>
		<property name="hibernate.connection.url">jdbc:mysql://localhost:3306/airlinedb</property>
		<property name="hibernate.connection.username">root</property>
		<property name="hbm2ddl.auto">update</property>
		<property name="hibernate.dialect">org.hibernate.dialect.MySQLDialect</property>
		<property name="hibernate.show_sql">true</property>
		
		<mapping class="com.neu.ars.pojo.Users" />
		<mapping class="com.neu.ars.pojo.Admin" />
		<mapping class="com.neu.ars.pojo.Person" />
<mapping class="com.neu.ars.pojo.FlightClass" />
	<mapping class="com.neu.ars.pojo.FlightInventory" />
	<mapping class="com.neu.ars.pojo.Routine" />
	<mapping class="com.neu.ars.pojo.Payment" />
	<mapping class="com.neu.ars.pojo.TicketReservation" />
	<mapping class="com.neu.ars.pojo.TicketCancellation" />
		<mapping class="com.neu.ars.pojo.Address" />
		
		<mapping class="com.neu.ars.pojo.Role" />
	</session-factory>
</hibernate-configuration>
